{"images":[{"height":256,"width":256,"id":1,"file_name":"/Users/nanditapuri/Desktop/Shikkhar uttam/images/Train/E-Stain85_9_E.jpeg"},{"height":256,"width":256,"id":2,"file_name":"/Users/nanditapuri/Desktop/Shikkhar uttam/images/Validation/E-Stain86_9_E.jpeg"}],"annotations":[{"iscrowd":0,"image_id":1,"bbox":[109,204,27,16],"segmentation":[[112,203,117,205,125,204,131,204,136,210,135,217,127,219,122,219,118,219,115,218,112,214,109,208]],"category_id":0,"id":1,"area":330},{"iscrowd":0,"image_id":1,"bbox":[76,232,23,14],"segmentation":[[77,232,83,231,88,231,92,231,95,232,98,234,96,240,92,244,89,245,83,244,79,241,76,238,75,236]],"category_id":0,"id":2,"area":238},{"iscrowd":0,"image_id":1,"bbox":[216,201,12,15],"segmentation":[[215,212,218,207,223,201,227,203,226,207,224,213,222,215,220,216]],"category_id":0,"id":3,"area":95},{"iscrowd":0,"image_id":1,"bbox":[227,235,13,17],"segmentation":[[231,235,238,239,239,244,239,248,232,252,230,246,228,244,226,241]],"category_id":0,"id":4,"area":126},{"iscrowd":0,"image_id":2,"bbox":[53,217,21,13],"segmentation":[[52,219,57,219,62,217,69,216,73,219,72,224,64,230,60,228,57,225,54,224]],"category_id":0,"id":5,"area":175},{"iscrowd":0,"image_id":2,"bbox":[17,218,16,13],"segmentation":[[20,220,23,217,27,218,32,222,33,224,30,227,28,229,25,230,23,230,19,228,17,226,17,224]],"category_id":0,"id":6,"area":138},{"iscrowd":0,"image_id":2,"bbox":[0,214,14,18],"segmentation":[[0,218,2,214,7,214,9,214,12,215,14,221,10,226,9,227,5,229,2,231,0,231]],"category_id":0,"id":7,"area":181}],"categories":[{"id":0,"name":"Cell","supercategory":"Cell"}]}